<?xml version="1.0"?>

<extension>
	<name>PLUGIN_YOUTUBE</name>
	<module>Plugins::YouTube::Plugin</module>
	<version>0.18</version>
	<description>PLUGIN_YOUTUBE_DESC</description>
	<icon>plugins/YouTube/icon.png</icon>
	<defaultState>enabled</defaultState>
	<targetApplication>
		<id>SlimServer</id>
		<minVersion>7.5</minVersion>
        <maxVersion>7.*</maxVersion>
	</targetApplication>
	<optionsURL>plugins/YouTube/settings/basic.html</optionsURL>
  	<creator>Triode, murkle, djbloc, Daniel Vijge, Daniel P. Berrange</creator>
  	<email>spam+squeezebox@vijge.net</email>
</extension>
